video_id,category_1,category_2,rank,task_id,video_path,download_status,feature_path,feature_exists,label
Cra_1,Hobbies and Crafts,Crafts,1,1,/videos/Cra_1.mp4,success,/features/Cra_1.npy,True,0
Cra_2,Hobbies and Crafts,Crafts,2,2,/videos/Cra_2.mp4,success,/features/Cra_2.npy,True,0
Cra_3,Hobbies and Crafts,Crafts,3,3,/videos/Cra_3.mp4,success,/features/Cra_3.npy,True,0
Cra_4,Hobbies and Crafts,Crafts,4,4,/videos/Cra_4.mp4,success,/features/Cra_4.npy,True,0
Cra_5,Hobbies and Crafts,Crafts,5,5,/videos/Cra_5.mp4,success,/features/Cra_5.npy,True,0
Cra_6,Hobbies and Crafts,Crafts,6,6,/videos/Cra_6.mp4,success,/features/Cra_6.npy,True,0
Cra_7,Hobbies and Crafts,Crafts,7,7,/videos/Cra_7.mp4,success,/features/Cra_7.npy,True,0
Cra_8,Hobbies and Crafts,Crafts,8,8,/videos/Cra_8.mp4,success,/features/Cra_8.npy,True,0
Cra_9,Hobbies and Crafts,Crafts,9,9,/videos/Cra_9.mp4,success,/features/Cra_9.npy,True,0
Cra_10,Hobbies and Crafts,Crafts,10,10,/videos/Cra_10.mp4,success,/features/Cra_10.npy,True,0
Cra_11,Hobbies and Crafts,Crafts,11,1,/videos/Cra_11.mp4,success,/features/Cra_11.npy,True,0
Cra_12,Hobbies and Crafts,Crafts,12,2,/videos/Cra_12.mp4,success,/features/Cra_12.npy,True,0
Cra_13,Hobbies and Crafts,Crafts,13,3,/videos/Cra_13.mp4,success,/features/Cra_13.npy,True,0
Cra_14,Hobbies and Crafts,Crafts,14,4,/videos/Cra_14.mp4,success,/features/Cra_14.npy,True,0
Cra_15,Hobbies and Crafts,Crafts,15,5,/videos/Cra_15.mp4,success,/features/Cra_15.npy,True,0
Cra_16,Hobbies and Crafts,Crafts,16,6,/videos/Cra_16.mp4,success,/features/Cra_16.npy,True,0
Cra_17,Hobbies and Crafts,Crafts,17,7,/videos/Cra_17.mp4,success,/features/Cra_17.npy,True,0
Cra_18,Hobbies and Crafts,Crafts,18,8,/videos/Cra_18.mp4,success,/features/Cra_18.npy,True,0
Cra_19,Hobbies and Crafts,Crafts,19,9,/videos/Cra_19.mp4,success,/features/Cra_19.npy,True,0
Cra_20,Hobbies and Crafts,Crafts,20,10,/videos/Cra_20.mp4,success,/features/Cra_20.npy,True,0
Cra_21,Hobbies and Crafts,Crafts,21,1,/videos/Cra_21.mp4,success,/features/Cra_21.npy,True,0
Cra_22,Hobbies and Crafts,Crafts,22,2,/videos/Cra_22.mp4,success,/features/Cra_22.npy,True,0
Cra_23,Hobbies and Crafts,Crafts,23,3,/videos/Cra_23.mp4,success,/features/Cra_23.npy,True,0
Cra_24,Hobbies and Crafts,Crafts,24,4,/videos/Cra_24.mp4,success,/features/Cra_24.npy,True,0
Cra_25,Hobbies and Crafts,Crafts,25,5,/videos/Cra_25.mp4,success,/features/Cra_25.npy,True,0
Cra_26,Hobbies and Crafts,Crafts,26,6,/videos/Cra_26.mp4,success,/features/Cra_26.npy,True,0
Cra_27,Hobbies and Crafts,Crafts,27,7,/videos/Cra_27.mp4,success,/features/Cra_27.npy,True,0
Cra_28,Hobbies and Crafts,Crafts,28,8,/videos/Cra_28.mp4,success,/features/Cra_28.npy,True,0
Cra_29,Hobbies and Crafts,Crafts,29,9,/videos/Cra_29.mp4,success,/features/Cra_29.npy,True,0
Cra_30,Hobbies and Crafts,Crafts,30,10,/videos/Cra_30.mp4,success,/features/Cra_30.npy,True,0
Cra_31,Hobbies and Crafts,Crafts,31,1,/videos/Cra_31.mp4,success,/features/Cra_31.npy,True,0
Cra_32,Hobbies and Crafts,Crafts,32,2,/videos/Cra_32.mp4,success,/features/Cra_32.npy,True,0
Cra_33,Hobbies and Crafts,Crafts,33,3,/videos/Cra_33.mp4,success,/features/Cra_33.npy,True,0
Cra_34,Hobbies and Crafts,Crafts,34,4,/videos/Cra_34.mp4,success,/features/Cra_34.npy,True,0
Cra_35,Hobbies and Crafts,Crafts,35,5,/videos/Cra_35.mp4,success,/features/Cra_35.npy,True,0
Cra_36,Hobbies and Crafts,Crafts,36,6,/videos/Cra_36.mp4,success,/features/Cra_36.npy,True,0
Cra_37,Hobbies and Crafts,Crafts,37,7,/videos/Cra_37.mp4,success,/features/Cra_37.npy,True,0
Cra_38,Hobbies and Crafts,Crafts,38,8,/videos/Cra_38.mp4,success,/features/Cra_38.npy,True,0
Cra_39,Hobbies and Crafts,Crafts,39,9,/videos/Cra_39.mp4,success,/features/Cra_39.npy,True,0
Cra_40,Hobbies and Crafts,Crafts,40,10,/videos/Cra_40.mp4,success,/features/Cra_40.npy,True,0
Cra_41,Hobbies and Crafts,Crafts,41,1,/videos/Cra_41.mp4,success,/features/Cra_41.npy,True,0
Cra_42,Hobbies and Crafts,Crafts,42,2,/videos/Cra_42.mp4,success,/features/Cra_42.npy,True,0
Cra_43,Hobbies and Crafts,Crafts,43,3,/videos/Cra_43.mp4,success,/features/Cra_43.npy,True,0
Cra_44,Hobbies and Crafts,Crafts,44,4,/videos/Cra_44.mp4,success,/features/Cra_44.npy,True,0
Cra_45,Hobbies and Crafts,Crafts,45,5,/videos/Cra_45.mp4,success,/features/Cra_45.npy,True,0
Cra_46,Hobbies and Crafts,Crafts,46,6,/videos/Cra_46.mp4,success,/features/Cra_46.npy,True,0
Cra_47,Hobbies and Crafts,Crafts,47,7,/videos/Cra_47.mp4,success,/features/Cra_47.npy,True,0
Cra_48,Hobbies and Crafts,Crafts,48,8,/videos/Cra_48.mp4,success,/features/Cra_48.npy,True,0
Cra_49,Hobbies and Crafts,Crafts,49,9,/videos/Cra_49.mp4,success,/features/Cra_49.npy,True,0
Cra_50,Hobbies and Crafts,Crafts,50,10,/videos/Cra_50.mp4,success,/features/Cra_50.npy,True,0
Cra_51,Hobbies and Crafts,Crafts,1,1,/videos/Cra_51.mp4,success,/features/Cra_51.npy,True,0
Cra_52,Hobbies and Crafts,Crafts,2,2,/videos/Cra_52.mp4,success,/features/Cra_52.npy,True,0
Cra_53,Hobbies and Crafts,Crafts,3,3,/videos/Cra_53.mp4,success,/features/Cra_53.npy,True,0
Cra_54,Hobbies and Crafts,Crafts,4,4,/videos/Cra_54.mp4,success,/features/Cra_54.npy,True,0
Cra_55,Hobbies and Crafts,Crafts,5,5,/videos/Cra_55.mp4,success,/features/Cra_55.npy,True,0
Cra_56,Hobbies and Crafts,Crafts,6,6,/videos/Cra_56.mp4,success,/features/Cra_56.npy,True,0
Cra_57,Hobbies and Crafts,Crafts,7,7,/videos/Cra_57.mp4,success,/features/Cra_57.npy,True,0
Cra_58,Hobbies and Crafts,Crafts,8,8,/videos/Cra_58.mp4,success,/features/Cra_58.npy,True,0
Cra_59,Hobbies and Crafts,Crafts,9,9,/videos/Cra_59.mp4,success,/features/Cra_59.npy,True,0
Cra_60,Hobbies and Crafts,Crafts,10,10,/videos/Cra_60.mp4,success,/features/Cra_60.npy,True,0
Cra_61,Hobbies and Crafts,Crafts,11,1,/videos/Cra_61.mp4,success,/features/Cra_61.npy,True,0
Cra_62,Hobbies and Crafts,Crafts,12,2,/videos/Cra_62.mp4,success,/features/Cra_62.npy,True,0
Cra_63,Hobbies and Crafts,Crafts,13,3,/videos/Cra_63.mp4,success,/features/Cra_63.npy,True,0
Cra_64,Hobbies and Crafts,Crafts,14,4,/videos/Cra_64.mp4,success,/features/Cra_64.npy,True,0
Cra_65,Hobbies and Crafts,Crafts,15,5,/videos/Cra_65.mp4,success,/features/Cra_65.npy,True,0
Cra_66,Hobbies and Crafts,Crafts,16,6,/videos/Cra_66.mp4,success,/features/Cra_66.npy,True,0
Cra_67,Hobbies and Crafts,Crafts,17,7,/videos/Cra_67.mp4,success,/features/Cra_67.npy,True,0
Cra_68,Hobbies and Crafts,Crafts,18,8,/videos/Cra_68.mp4,success,/features/Cra_68.npy,True,0
Cra_69,Hobbies and Crafts,Crafts,19,9,/videos/Cra_69.mp4,success,/features/Cra_69.npy,True,0
Cra_70,Hobbies and Crafts,Crafts,20,10,/videos/Cra_70.mp4,success,/features/Cra_70.npy,True,0
Cra_71,Hobbies and Crafts,Crafts,21,1,/videos/Cra_71.mp4,success,/features/Cra_71.npy,True,0
Cra_72,Hobbies and Crafts,Crafts,22,2,/videos/Cra_72.mp4,success,/features/Cra_72.npy,True,0
Cra_73,Hobbies and Crafts,Crafts,23,3,/videos/Cra_73.mp4,success,/features/Cra_73.npy,True,0
Cra_74,Hobbies and Crafts,Crafts,24,4,/videos/Cra_74.mp4,success,/features/Cra_74.npy,True,0
Cra_75,Hobbies and Crafts,Crafts,25,5,/videos/Cra_75.mp4,success,/features/Cra_75.npy,True,0
Cra_76,Hobbies and Crafts,Crafts,26,6,/videos/Cra_76.mp4,success,/features/Cra_76.npy,True,0
Cra_77,Hobbies and Crafts,Crafts,27,7,/videos/Cra_77.mp4,success,/features/Cra_77.npy,True,0
Cra_78,Hobbies and Crafts,Crafts,28,8,/videos/Cra_78.mp4,success,/features/Cra_78.npy,True,0
Cra_79,Hobbies and Crafts,Crafts,29,9,/videos/Cra_79.mp4,success,/features/Cra_79.npy,True,0
Cra_80,Hobbies and Crafts,Crafts,30,10,/videos/Cra_80.mp4,success,/features/Cra_80.npy,True,0
Cra_81,Hobbies and Crafts,Crafts,31,1,/videos/Cra_81.mp4,success,/features/Cra_81.npy,True,0
Cra_82,Hobbies and Crafts,Crafts,32,2,/videos/Cra_82.mp4,success,/features/Cra_82.npy,True,0
Cra_83,Hobbies and Crafts,Crafts,33,3,/videos/Cra_83.mp4,success,/features/Cra_83.npy,True,0
Cra_84,Hobbies and Crafts,Crafts,34,4,/videos/Cra_84.mp4,success,/features/Cra_84.npy,True,0
Cra_85,Hobbies and Crafts,Crafts,35,5,/videos/Cra_85.mp4,success,/features/Cra_85.npy,True,0
Cra_86,Hobbies and Crafts,Crafts,36,6,/videos/Cra_86.mp4,success,/features/Cra_86.npy,True,0
Cra_87,Hobbies and Crafts,Crafts,37,7,/videos/Cra_87.mp4,success,/features/Cra_87.npy,True,0
Cra_88,Hobbies and Crafts,Crafts,38,8,/videos/Cra_88.mp4,success,/features/Cra_88.npy,True,0
Cra_89,Hobbies and Crafts,Crafts,39,9,/videos/Cra_89.mp4,success,/features/Cra_89.npy,True,0
Cra_90,Hobbies and Crafts,Crafts,40,10,/videos/Cra_90.mp4,success,/features/Cra_90.npy,True,0
Cra_91,Hobbies and Crafts,Crafts,41,1,/videos/Cra_91.mp4,success,/features/Cra_91.npy,True,0
Cra_92,Hobbies and Crafts,Crafts,42,2,/videos/Cra_92.mp4,success,/features/Cra_92.npy,True,0
Cra_93,Hobbies and Crafts,Crafts,43,3,/videos/Cra_93.mp4,success,/features/Cra_93.npy,True,0
Cra_94,Hobbies and Crafts,Crafts,44,4,/videos/Cra_94.mp4,success,/features/Cra_94.npy,True,0
Cra_95,Hobbies and Crafts,Crafts,45,5,/videos/Cra_95.mp4,success,/features/Cra_95.npy,True,0
Cra_96,Hobbies and Crafts,Crafts,46,6,/videos/Cra_96.mp4,success,/features/Cra_96.npy,True,0
Cra_97,Hobbies and Crafts,Crafts,47,7,/videos/Cra_97.mp4,success,/features/Cra_97.npy,True,0
Cra_98,Hobbies and Crafts,Crafts,48,8,/videos/Cra_98.mp4,success,/features/Cra_98.npy,True,0
Cra_99,Hobbies and Crafts,Crafts,49,9,/videos/Cra_99.mp4,success,/features/Cra_99.npy,True,0
Cra_100,Hobbies and Crafts,Crafts,50,10,/videos/Cra_100.mp4,success,/features/Cra_100.npy,True,0
Cra_101,Hobbies and Crafts,Crafts,1,1,/videos/Cra_101.mp4,success,/features/Cra_101.npy,True,0
Cra_102,Hobbies and Crafts,Crafts,2,2,/videos/Cra_102.mp4,success,/features/Cra_102.npy,True,0
Cra_103,Hobbies and Crafts,Crafts,3,3,/videos/Cra_103.mp4,success,/features/Cra_103.npy,True,0
Cra_104,Hobbies and Crafts,Crafts,4,4,/videos/Cra_104.mp4,success,/features/Cra_104.npy,True,0
Cra_105,Hobbies and Crafts,Crafts,5,5,/videos/Cra_105.mp4,success,/features/Cra_105.npy,True,0
Cra_106,Hobbies and Crafts,Crafts,6,6,/videos/Cra_106.mp4,success,/features/Cra_106.npy,True,0
Cra_107,Hobbies and Crafts,Crafts,7,7,/videos/Cra_107.mp4,success,/features/Cra_107.npy,True,0
Cra_108,Hobbies and Crafts,Crafts,8,8,/videos/Cra_108.mp4,success,/features/Cra_108.npy,True,0
Cra_109,Hobbies and Crafts,Crafts,9,9,/videos/Cra_109.mp4,success,/features/Cra_109.npy,True,0
Cra_110,Hobbies and Crafts,Crafts,10,10,/videos/Cra_110.mp4,success,/features/Cra_110.npy,True,0
Cra_111,Hobbies and Crafts,Crafts,11,1,/videos/Cra_111.mp4,success,/features/Cra_111.npy,True,0
Cra_112,Hobbies and Crafts,Crafts,12,2,/videos/Cra_112.mp4,success,/features/Cra_112.npy,True,0
Cra_113,Hobbies and Crafts,Crafts,13,3,/videos/Cra_113.mp4,success,/features/Cra_113.npy,True,0
Cra_114,Hobbies and Crafts,Crafts,14,4,/videos/Cra_114.mp4,success,/features/Cra_114.npy,True,0
Cra_115,Hobbies and Crafts,Crafts,15,5,/videos/Cra_115.mp4,success,/features/Cra_115.npy,True,0
Cra_116,Hobbies and Crafts,Crafts,16,6,/videos/Cra_116.mp4,success,/features/Cra_116.npy,True,0
Cra_117,Hobbies and Crafts,Crafts,17,7,/videos/Cra_117.mp4,success,/features/Cra_117.npy,True,0
Cra_118,Hobbies and Crafts,Crafts,18,8,/videos/Cra_118.mp4,success,/features/Cra_118.npy,True,0
Cra_119,Hobbies and Crafts,Crafts,19,9,/videos/Cra_119.mp4,success,/features/Cra_119.npy,True,0
Cra_120,Hobbies and Crafts,Crafts,20,10,/videos/Cra_120.mp4,success,/features/Cra_120.npy,True,0
Cra_121,Hobbies and Crafts,Crafts,21,1,/videos/Cra_121.mp4,success,/features/Cra_121.npy,True,0
Cra_122,Hobbies and Crafts,Crafts,22,2,/videos/Cra_122.mp4,success,/features/Cra_122.npy,True,0
Cra_123,Hobbies and Crafts,Crafts,23,3,/videos/Cra_123.mp4,success,/features/Cra_123.npy,True,0
Cra_124,Hobbies and Crafts,Crafts,24,4,/videos/Cra_124.mp4,success,/features/Cra_124.npy,True,0
Cra_125,Hobbies and Crafts,Crafts,25,5,/videos/Cra_125.mp4,success,/features/Cra_125.npy,True,0
Cra_126,Hobbies and Crafts,Crafts,26,6,/videos/Cra_126.mp4,success,/features/Cra_126.npy,True,0
Cra_127,Hobbies and Crafts,Crafts,27,7,/videos/Cra_127.mp4,success,/features/Cra_127.npy,True,0
Cra_128,Hobbies and Crafts,Crafts,28,8,/videos/Cra_128.mp4,success,/features/Cra_128.npy,True,0
Cra_129,Hobbies and Crafts,Crafts,29,9,/videos/Cra_129.mp4,success,/features/Cra_129.npy,True,0
Cra_130,Hobbies and Crafts,Crafts,30,10,/videos/Cra_130.mp4,success,/features/Cra_130.npy,True,0
Cra_131,Hobbies and Crafts,Crafts,31,1,/videos/Cra_131.mp4,success,/features/Cra_131.npy,True,0
Cra_132,Hobbies and Crafts,Crafts,32,2,/videos/Cra_132.mp4,success,/features/Cra_132.npy,True,0
Cra_133,Hobbies and Crafts,Crafts,33,3,/videos/Cra_133.mp4,success,/features/Cra_133.npy,True,0
Cra_134,Hobbies and Crafts,Crafts,34,4,/videos/Cra_134.mp4,success,/features/Cra_134.npy,True,0
Cra_135,Hobbies and Crafts,Crafts,35,5,/videos/Cra_135.mp4,success,/features/Cra_135.npy,True,0
Cra_136,Hobbies and Crafts,Crafts,36,6,/videos/Cra_136.mp4,success,/features/Cra_136.npy,True,0
Cra_137,Hobbies and Crafts,Crafts,37,7,/videos/Cra_137.mp4,success,/features/Cra_137.npy,True,0
Cra_138,Hobbies and Crafts,Crafts,38,8,/videos/Cra_138.mp4,success,/features/Cra_138.npy,True,0
Cra_139,Hobbies and Crafts,Crafts,39,9,/videos/Cra_139.mp4,success,/features/Cra_139.npy,True,0
Cra_140,Hobbies and Crafts,Crafts,40,10,/videos/Cra_140.mp4,success,/features/Cra_140.npy,True,0
Cra_141,Hobbies and Crafts,Crafts,41,1,/videos/Cra_141.mp4,success,/features/Cra_141.npy,True,0
Cra_142,Hobbies and Crafts,Crafts,42,2,/videos/Cra_142.mp4,success,/features/Cra_142.npy,True,0
Cra_143,Hobbies and Crafts,Crafts,43,3,/videos/Cra_143.mp4,success,/features/Cra_143.npy,True,0
Cra_144,Hobbies and Crafts,Crafts,44,4,/videos/Cra_144.mp4,success,/features/Cra_144.npy,True,0
Gam_145,Hobbies and Crafts,Games,1,1,/videos/Gam_145.mp4,success,/features/Gam_145.npy,True,1
Gam_146,Hobbies and Crafts,Games,2,2,/videos/Gam_146.mp4,success,/features/Gam_146.npy,True,1
Gam_147,Hobbies and Crafts,Games,3,3,/videos/Gam_147.mp4,success,/features/Gam_147.npy,True,1
Gam_148,Hobbies and Crafts,Games,4,4,/videos/Gam_148.mp4,success,/features/Gam_148.npy,True,1
Gam_149,Hobbies and Crafts,Games,5,5,/videos/Gam_149.mp4,success,/features/Gam_149.npy,True,1
Gam_150,Hobbies and Crafts,Games,6,6,/videos/Gam_150.mp4,success,/features/Gam_150.npy,True,1
Gam_151,Hobbies and Crafts,Games,7,7,/videos/Gam_151.mp4,success,/features/Gam_151.npy,True,1
Gam_152,Hobbies and Crafts,Games,8,8,/videos/Gam_152.mp4,success,/features/Gam_152.npy,True,1
Gam_153,Hobbies and Crafts,Games,9,9,/videos/Gam_153.mp4,success,/features/Gam_153.npy,True,1
Gam_154,Hobbies and Crafts,Games,10,10,/videos/Gam_154.mp4,success,/features/Gam_154.npy,True,1
Gam_155,Hobbies and Crafts,Games,11,1,/videos/Gam_155.mp4,success,/features/Gam_155.npy,True,1
Gam_156,Hobbies and Crafts,Games,12,2,/videos/Gam_156.mp4,success,/features/Gam_156.npy,True,1
Gam_157,Hobbies and Crafts,Games,13,3,/videos/Gam_157.mp4,success,/features/Gam_157.npy,True,1
Gam_158,Hobbies and Crafts,Games,14,4,/videos/Gam_158.mp4,success,/features/Gam_158.npy,True,1
Gam_159,Hobbies and Crafts,Games,15,5,/videos/Gam_159.mp4,success,/features/Gam_159.npy,True,1
Gam_160,Hobbies and Crafts,Games,16,6,/videos/Gam_160.mp4,success,/features/Gam_160.npy,True,1
Gam_161,Hobbies and Crafts,Games,17,7,/videos/Gam_161.mp4,success,/features/Gam_161.npy,True,1
Gam_162,Hobbies and Crafts,Games,18,8,/videos/Gam_162.mp4,success,/features/Gam_162.npy,True,1
Gam_163,Hobbies and Crafts,Games,19,9,/videos/Gam_163.mp4,success,/features/Gam_163.npy,True,1
Gam_164,Hobbies and Crafts,Games,20,10,/videos/Gam_164.mp4,success,/features/Gam_164.npy,True,1
Gam_165,Hobbies and Crafts,Games,21,1,/videos/Gam_165.mp4,success,/features/Gam_165.npy,True,1
Gam_166,Hobbies and Crafts,Games,22,2,/videos/Gam_166.mp4,success,/features/Gam_166.npy,True,1
Gam_167,Hobbies and Crafts,Games,23,3,/videos/Gam_167.mp4,success,/features/Gam_167.npy,True,1
Gam_168,Hobbies and Crafts,Games,24,4,/videos/Gam_168.mp4,success,/features/Gam_168.npy,True,1
Gam_169,Hobbies and Crafts,Games,25,5,/videos/Gam_169.mp4,success,/features/Gam_169.npy,True,1
Gam_170,Hobbies and Crafts,Games,26,6,/videos/Gam_170.mp4,success,/features/Gam_170.npy,True,1
Gam_171,Hobbies and Crafts,Games,27,7,/videos/Gam_171.mp4,success,/features/Gam_171.npy,True,1
Gam_172,Hobbies and Crafts,Games,28,8,/videos/Gam_172.mp4,success,/features/Gam_172.npy,True,1
Gam_173,Hobbies and Crafts,Games,29,9,/videos/Gam_173.mp4,success,/features/Gam_173.npy,True,1
Gam_174,Hobbies and Crafts,Games,30,10,/videos/Gam_174.mp4,success,/features/Gam_174.npy,True,1
Gam_175,Hobbies and Crafts,Games,31,1,/videos/Gam_175.mp4,success,/features/Gam_175.npy,True,1
Gam_176,Hobbies and Crafts,Games,32,2,/videos/Gam_176.mp4,success,/features/Gam_176.npy,True,1
Gam_177,Hobbies and Crafts,Games,33,3,/videos/Gam_177.mp4,success,/features/Gam_177.npy,True,1
Gam_178,Hobbies and Crafts,Games,34,4,/videos/Gam_178.mp4,success,/features/Gam_178.npy,True,1
Gam_179,Hobbies and Crafts,Games,35,5,/videos/Gam_179.mp4,success,/features/Gam_179.npy,True,1
Gam_180,Hobbies and Crafts,Games,36,6,/videos/Gam_180.mp4,success,/features/Gam_180.npy,True,1
Gam_181,Hobbies and Crafts,Games,37,7,/videos/Gam_181.mp4,success,/features/Gam_181.npy,True,1
Gam_182,Hobbies and Crafts,Games,38,8,/videos/Gam_182.mp4,success,/features/Gam_182.npy,True,1
Gam_183,Hobbies and Crafts,Games,39,9,/videos/Gam_183.mp4,success,/features/Gam_183.npy,True,1
Gam_184,Hobbies and Crafts,Games,40,10,/videos/Gam_184.mp4,success,/features/Gam_184.npy,True,1
Gam_185,Hobbies and Crafts,Games,41,1,/videos/Gam_185.mp4,success,/features/Gam_185.npy,True,1
Gam_186,Hobbies and Crafts,Games,42,2,/videos/Gam_186.mp4,success,/features/Gam_186.npy,True,1
Gam_187,Hobbies and Crafts,Games,43,3,/videos/Gam_187.mp4,success,/features/Gam_187.npy,True,1
Gam_188,Hobbies and Crafts,Games,44,4,/videos/Gam_188.mp4,success,/features/Gam_188.npy,True,1
Gam_189,Hobbies and Crafts,Games,45,5,/videos/Gam_189.mp4,success,/features/Gam_189.npy,True,1
Gam_190,Hobbies and Crafts,Games,46,6,/videos/Gam_190.mp4,success,/features/Gam_190.npy,True,1
Gam_191,Hobbies and Crafts,Games,47,7,/videos/Gam_191.mp4,success,/features/Gam_191.npy,True,1
Gam_192,Hobbies and Crafts,Games,48,8,/videos/Gam_192.mp4,success,/features/Gam_192.npy,True,1
Gam_193,Hobbies and Crafts,Games,49,9,/videos/Gam_193.mp4,success,/features/Gam_193.npy,True,1
Gam_194,Hobbies and Crafts,Games,50,10,/videos/Gam_194.mp4,success,/features/Gam_194.npy,True,1
Gam_195,Hobbies and Crafts,Games,1,1,/videos/Gam_195.mp4,success,/features/Gam_195.npy,True,1
Gam_196,Hobbies and Crafts,Games,2,2,/videos/Gam_196.mp4,success,/features/Gam_196.npy,True,1
Gam_197,Hobbies and Crafts,Games,3,3,/videos/Gam_197.mp4,success,/features/Gam_197.npy,True,1
Gam_198,Hobbies and Crafts,Games,4,4,/videos/Gam_198.mp4,success,/features/Gam_198.npy,True,1
Gam_199,Hobbies and Crafts,Games,5,5,/videos/Gam_199.mp4,success,/features/Gam_199.npy,True,1
Gam_200,Hobbies and Crafts,Games,6,6,/videos/Gam_200.mp4,success,/features/Gam_200.npy,True,1
Gam_201,Hobbies and Crafts,Games,7,7,/videos/Gam_201.mp4,success,/features/Gam_201.npy,True,1
Gam_202,Hobbies and Crafts,Games,8,8,/videos/Gam_202.mp4,success,/features/Gam_202.npy,True,1
Gam_203,Hobbies and Crafts,Games,9,9,/videos/Gam_203.mp4,success,/features/Gam_203.npy,True,1
Gam_204,Hobbies and Crafts,Games,10,10,/videos/Gam_204.mp4,success,/features/Gam_204.npy,True,1
Gam_205,Hobbies and Crafts,Games,11,1,/videos/Gam_205.mp4,success,/features/Gam_205.npy,True,1
Gam_206,Hobbies and Crafts,Games,12,2,/videos/Gam_206.mp4,success,/features/Gam_206.npy,True,1
Gam_207,Hobbies and Crafts,Games,13,3,/videos/Gam_207.mp4,success,/features/Gam_207.npy,True,1
Gam_208,Hobbies and Crafts,Games,14,4,/videos/Gam_208.mp4,success,/features/Gam_208.npy,True,1
Gam_209,Hobbies and Crafts,Games,15,5,/videos/Gam_209.mp4,success,/features/Gam_209.npy,True,1
Gam_210,Hobbies and Crafts,Games,16,6,/videos/Gam_210.mp4,success,/features/Gam_210.npy,True,1
Gam_211,Hobbies and Crafts,Games,17,7,/videos/Gam_211.mp4,success,/features/Gam_211.npy,True,1
Gam_212,Hobbies and Crafts,Games,18,8,/videos/Gam_212.mp4,success,/features/Gam_212.npy,True,1
Gam_213,Hobbies and Crafts,Games,19,9,/videos/Gam_213.mp4,success,/features/Gam_213.npy,True,1
Gam_214,Hobbies and Crafts,Games,20,10,/videos/Gam_214.mp4,success,/features/Gam_214.npy,True,1
Gam_215,Hobbies and Crafts,Games,21,1,/videos/Gam_215.mp4,success,/features/Gam_215.npy,True,1
Gam_216,Hobbies and Crafts,Games,22,2,/videos/Gam_216.mp4,success,/features/Gam_216.npy,True,1
Gam_217,Hobbies and Crafts,Games,23,3,/videos/Gam_217.mp4,success,/features/Gam_217.npy,True,1
Gam_218,Hobbies and Crafts,Games,24,4,/videos/Gam_218.mp4,success,/features/Gam_218.npy,True,1
Gam_219,Hobbies and Crafts,Games,25,5,/videos/Gam_219.mp4,success,/features/Gam_219.npy,True,1
Gam_220,Hobbies and Crafts,Games,26,6,/videos/Gam_220.mp4,success,/features/Gam_220.npy,True,1
Gam_221,Hobbies and Crafts,Games,27,7,/videos/Gam_221.mp4,success,/features/Gam_221.npy,True,1
Gam_222,Hobbies and Crafts,Games,28,8,/videos/Gam_222.mp4,success,/features/Gam_222.npy,True,1
Gam_223,Hobbies and Crafts,Games,29,9,/videos/Gam_223.mp4,success,/features/Gam_223.npy,True,1
Gam_224,Hobbies and Crafts,Games,30,10,/videos/Gam_224.mp4,success,/features/Gam_224.npy,True,1
Gam_225,Hobbies and Crafts,Games,31,1,/videos/Gam_225.mp4,success,/features/Gam_225.npy,True,1
Gam_226,Hobbies and Crafts,Games,32,2,/videos/Gam_226.mp4,success,/features/Gam_226.npy,True,1
Gam_227,Hobbies and Crafts,Games,33,3,/videos/Gam_227.mp4,success,/features/Gam_227.npy,True,1
Gam_228,Hobbies and Crafts,Games,34,4,/videos/Gam_228.mp4,success,/features/Gam_228.npy,True,1
Gam_229,Hobbies and Crafts,Games,35,5,/videos/Gam_229.mp4,success,/features/Gam_229.npy,True,1
Gam_230,Hobbies and Crafts,Games,36,6,/videos/Gam_230.mp4,success,/features/Gam_230.npy,True,1
Gam_231,Hobbies and Crafts,Games,37,7,/videos/Gam_231.mp4,success,/features/Gam_231.npy,True,1
Gam_232,Hobbies and Crafts,Games,38,8,/videos/Gam_232.mp4,success,/features/Gam_232.npy,True,1
Gam_233,Hobbies and Crafts,Games,39,9,/videos/Gam_233.mp4,success,/features/Gam_233.npy,True,1
Gam_234,Hobbies and Crafts,Games,40,10,/videos/Gam_234.mp4,success,/features/Gam_234.npy,True,1
Gam_235,Hobbies and Crafts,Games,41,1,/videos/Gam_235.mp4,success,/features/Gam_235.npy,True,1
Gam_236,Hobbies and Crafts,Games,42,2,/videos/Gam_236.mp4,success,/features/Gam_236.npy,True,1
Gam_237,Hobbies and Crafts,Games,43,3,/videos/Gam_237.mp4,success,/features/Gam_237.npy,True,1
Gam_238,Hobbies and Crafts,Games,44,4,/videos/Gam_238.mp4,success,/features/Gam_238.npy,True,1
Gam_239,Hobbies and Crafts,Games,45,5,/videos/Gam_239.mp4,success,/features/Gam_239.npy,True,1
Gam_240,Hobbies and Crafts,Games,46,6,/videos/Gam_240.mp4,success,/features/Gam_240.npy,True,1
Gam_241,Hobbies and Crafts,Games,47,7,/videos/Gam_241.mp4,success,/features/Gam_241.npy,True,1
Gam_242,Hobbies and Crafts,Games,48,8,/videos/Gam_242.mp4,success,/features/Gam_242.npy,True,1
Gam_243,Hobbies and Crafts,Games,49,9,/videos/Gam_243.mp4,success,/features/Gam_243.npy,True,1
Gam_244,Hobbies and Crafts,Games,50,10,/videos/Gam_244.mp4,success,/features/Gam_244.npy,True,1
Gam_245,Hobbies and Crafts,Games,1,1,/videos/Gam_245.mp4,success,/features/Gam_245.npy,True,1
Gam_246,Hobbies and Crafts,Games,2,2,/videos/Gam_246.mp4,success,/features/Gam_246.npy,True,1
Gam_247,Hobbies and Crafts,Games,3,3,/videos/Gam_247.mp4,success,/features/Gam_247.npy,True,1
Gam_248,Hobbies and Crafts,Games,4,4,/videos/Gam_248.mp4,success,/features/Gam_248.npy,True,1
Gam_249,Hobbies and Crafts,Games,5,5,/videos/Gam_249.mp4,success,/features/Gam_249.npy,True,1
Gam_250,Hobbies and Crafts,Games,6,6,/videos/Gam_250.mp4,success,/features/Gam_250.npy,True,1
Gam_251,Hobbies and Crafts,Games,7,7,/videos/Gam_251.mp4,success,/features/Gam_251.npy,True,1
Gam_252,Hobbies and Crafts,Games,8,8,/videos/Gam_252.mp4,success,/features/Gam_252.npy,True,1
Gam_253,Hobbies and Crafts,Games,9,9,/videos/Gam_253.mp4,success,/features/Gam_253.npy,True,1
Gam_254,Hobbies and Crafts,Games,10,10,/videos/Gam_254.mp4,success,/features/Gam_254.npy,True,1
Gam_255,Hobbies and Crafts,Games,11,1,/videos/Gam_255.mp4,success,/features/Gam_255.npy,True,1
Gam_256,Hobbies and Crafts,Games,12,2,/videos/Gam_256.mp4,success,/features/Gam_256.npy,True,1
Gam_257,Hobbies and Crafts,Games,13,3,/videos/Gam_257.mp4,success,/features/Gam_257.npy,True,1
Gam_258,Hobbies and Crafts,Games,14,4,/videos/Gam_258.mp4,success,/features/Gam_258.npy,True,1
Gam_259,Hobbies and Crafts,Games,15,5,/videos/Gam_259.mp4,success,/features/Gam_259.npy,True,1
Gam_260,Hobbies and Crafts,Games,16,6,/videos/Gam_260.mp4,success,/features/Gam_260.npy,True,1
Gam_261,Hobbies and Crafts,Games,17,7,/videos/Gam_261.mp4,success,/features/Gam_261.npy,True,1
Gam_262,Hobbies and Crafts,Games,18,8,/videos/Gam_262.mp4,success,/features/Gam_262.npy,True,1
Gam_263,Hobbies and Crafts,Games,19,9,/videos/Gam_263.mp4,success,/features/Gam_263.npy,True,1
Gam_264,Hobbies and Crafts,Games,20,10,/videos/Gam_264.mp4,success,/features/Gam_264.npy,True,1
Gam_265,Hobbies and Crafts,Games,21,1,/videos/Gam_265.mp4,success,/features/Gam_265.npy,True,1
Gam_266,Hobbies and Crafts,Games,22,2,/videos/Gam_266.mp4,success,/features/Gam_266.npy,True,1
Gam_267,Hobbies and Crafts,Games,23,3,/videos/Gam_267.mp4,success,/features/Gam_267.npy,True,1
Gam_268,Hobbies and Crafts,Games,24,4,/videos/Gam_268.mp4,success,/features/Gam_268.npy,True,1
Gam_269,Hobbies and Crafts,Games,25,5,/videos/Gam_269.mp4,success,/features/Gam_269.npy,True,1
Gam_270,Hobbies and Crafts,Games,26,6,/videos/Gam_270.mp4,success,/features/Gam_270.npy,True,1
Gam_271,Hobbies and Crafts,Games,27,7,/videos/Gam_271.mp4,success,/features/Gam_271.npy,True,1
Gam_272,Hobbies and Crafts,Games,28,8,/videos/Gam_272.mp4,success,/features/Gam_272.npy,True,1
Gam_273,Hobbies and Crafts,Games,29,9,/videos/Gam_273.mp4,success,/features/Gam_273.npy,True,1
Gam_274,Hobbies and Crafts,Games,30,10,/videos/Gam_274.mp4,success,/features/Gam_274.npy,True,1
Gam_275,Hobbies and Crafts,Games,31,1,/videos/Gam_275.mp4,success,/features/Gam_275.npy,True,1
Gam_276,Hobbies and Crafts,Games,32,2,/videos/Gam_276.mp4,success,/features/Gam_276.npy,True,1
Gam_277,Hobbies and Crafts,Games,33,3,/videos/Gam_277.mp4,success,/features/Gam_277.npy,True,1
Gam_278,Hobbies and Crafts,Games,34,4,/videos/Gam_278.mp4,success,/features/Gam_278.npy,True,1
Gam_279,Hobbies and Crafts,Games,35,5,/videos/Gam_279.mp4,success,/features/Gam_279.npy,True,1
Gam_280,Hobbies and Crafts,Games,36,6,/videos/Gam_280.mp4,success,/features/Gam_280.npy,True,1
Gam_281,Hobbies and Crafts,Games,37,7,/videos/Gam_281.mp4,success,/features/Gam_281.npy,True,1
Gam_282,Hobbies and Crafts,Games,38,8,/videos/Gam_282.mp4,success,/features/Gam_282.npy,True,1
Gam_283,Hobbies and Crafts,Games,39,9,/videos/Gam_283.mp4,success,/features/Gam_283.npy,True,1
Gam_284,Hobbies and Crafts,Games,40,10,/videos/Gam_284.mp4,success,/features/Gam_284.npy,True,1
Gam_285,Hobbies and Crafts,Games,41,1,/videos/Gam_285.mp4,success,/features/Gam_285.npy,True,1
Gam_286,Hobbies and Crafts,Games,42,2,/videos/Gam_286.mp4,success,/features/Gam_286.npy,True,1
Gam_287,Hobbies and Crafts,Games,43,3,/videos/Gam_287.mp4,success,/features/Gam_287.npy,True,1
Gam_288,Hobbies and Crafts,Games,44,4,/videos/Gam_288.mp4,success,/features/Gam_288.npy,True,1
Toy_289,Hobbies and Crafts,Toys,1,1,/videos/Toy_289.mp4,success,/features/Toy_289.npy,True,2
Toy_290,Hobbies and Crafts,Toys,2,2,/videos/Toy_290.mp4,success,/features/Toy_290.npy,True,2
Toy_291,Hobbies and Crafts,Toys,3,3,/videos/Toy_291.mp4,success,/features/Toy_291.npy,True,2
Toy_292,Hobbies and Crafts,Toys,4,4,/videos/Toy_292.mp4,success,/features/Toy_292.npy,True,2
Toy_293,Hobbies and Crafts,Toys,5,5,/videos/Toy_293.mp4,success,/features/Toy_293.npy,True,2
Toy_294,Hobbies and Crafts,Toys,6,6,/videos/Toy_294.mp4,success,/features/Toy_294.npy,True,2
Toy_295,Hobbies and Crafts,Toys,7,7,/videos/Toy_295.mp4,success,/features/Toy_295.npy,True,2
Toy_296,Hobbies and Crafts,Toys,8,8,/videos/Toy_296.mp4,success,/features/Toy_296.npy,True,2
Toy_297,Hobbies and Crafts,Toys,9,9,/videos/Toy_297.mp4,success,/features/Toy_297.npy,True,2
Toy_298,Hobbies and Crafts,Toys,10,10,/videos/Toy_298.mp4,success,/features/Toy_298.npy,True,2
Toy_299,Hobbies and Crafts,Toys,11,1,/videos/Toy_299.mp4,success,/features/Toy_299.npy,True,2
Toy_300,Hobbies and Crafts,Toys,12,2,/videos/Toy_300.mp4,success,/features/Toy_300.npy,True,2
Toy_301,Hobbies and Crafts,Toys,13,3,/videos/Toy_301.mp4,success,/features/Toy_301.npy,True,2
Toy_302,Hobbies and Crafts,Toys,14,4,/videos/Toy_302.mp4,success,/features/Toy_302.npy,True,2
Toy_303,Hobbies and Crafts,Toys,15,5,/videos/Toy_303.mp4,success,/features/Toy_303.npy,True,2
Toy_304,Hobbies and Crafts,Toys,16,6,/videos/Toy_304.mp4,success,/features/Toy_304.npy,True,2
Toy_305,Hobbies and Crafts,Toys,17,7,/videos/Toy_305.mp4,success,/features/Toy_305.npy,True,2
Toy_306,Hobbies and Crafts,Toys,18,8,/videos/Toy_306.mp4,success,/features/Toy_306.npy,True,2
Toy_307,Hobbies and Crafts,Toys,19,9,/videos/Toy_307.mp4,success,/features/Toy_307.npy,True,2
Toy_308,Hobbies and Crafts,Toys,20,10,/videos/Toy_308.mp4,success,/features/Toy_308.npy,True,2
Toy_309,Hobbies and Crafts,Toys,21,1,/videos/Toy_309.mp4,success,/features/Toy_309.npy,True,2
Toy_310,Hobbies and Crafts,Toys,22,2,/videos/Toy_310.mp4,success,/features/Toy_310.npy,True,2
Toy_311,Hobbies and Crafts,Toys,23,3,/videos/Toy_311.mp4,success,/features/Toy_311.npy,True,2
Toy_312,Hobbies and Crafts,Toys,24,4,/videos/Toy_312.mp4,success,/features/Toy_312.npy,True,2
Toy_313,Hobbies and Crafts,Toys,25,5,/videos/Toy_313.mp4,success,/features/Toy_313.npy,True,2
Toy_314,Hobbies and Crafts,Toys,26,6,/videos/Toy_314.mp4,success,/features/Toy_314.npy,True,2
Toy_315,Hobbies and Crafts,Toys,27,7,/videos/Toy_315.mp4,success,/features/Toy_315.npy,True,2
Toy_316,Hobbies and Crafts,Toys,28,8,/videos/Toy_316.mp4,success,/features/Toy_316.npy,True,2
Toy_317,Hobbies and Crafts,Toys,29,9,/videos/Toy_317.mp4,success,/features/Toy_317.npy,True,2
Toy_318,Hobbies and Crafts,Toys,30,10,/videos/Toy_318.mp4,success,/features/Toy_318.npy,True,2
Toy_319,Hobbies and Crafts,Toys,31,1,/videos/Toy_319.mp4,success,/features/Toy_319.npy,True,2
Toy_320,Hobbies and Crafts,Toys,32,2,/videos/Toy_320.mp4,success,/features/Toy_320.npy,True,2
Toy_321,Hobbies and Crafts,Toys,33,3,/videos/Toy_321.mp4,success,/features/Toy_321.npy,True,2
Toy_322,Hobbies and Crafts,Toys,34,4,/videos/Toy_322.mp4,success,/features/Toy_322.npy,True,2
Toy_323,Hobbies and Crafts,Toys,35,5,/videos/Toy_323.mp4,success,/features/Toy_323.npy,True,2
Toy_324,Hobbies and Crafts,Toys,36,6,/videos/Toy_324.mp4,success,/features/Toy_324.npy,True,2
Toy_325,Hobbies and Crafts,Toys,37,7,/videos/Toy_325.mp4,success,/features/Toy_325.npy,True,2
Toy_326,Hobbies and Crafts,Toys,38,8,/videos/Toy_326.mp4,success,/features/Toy_326.npy,True,2
Toy_327,Hobbies and Crafts,Toys,39,9,/videos/Toy_327.mp4,success,/features/Toy_327.npy,True,2
Toy_328,Hobbies and Crafts,Toys,40,10,/videos/Toy_328.mp4,success,/features/Toy_328.npy,True,2
Toy_329,Hobbies and Crafts,Toys,41,1,/videos/Toy_329.mp4,success,/features/Toy_329.npy,True,2
Toy_330,Hobbies and Crafts,Toys,42,2,/videos/Toy_330.mp4,success,/features/Toy_330.npy,True,2
Toy_331,Hobbies and Crafts,Toys,43,3,/videos/Toy_331.mp4,success,/features/Toy_331.npy,True,2
Toy_332,Hobbies and Crafts,Toys,44,4,/videos/Toy_332.mp4,success,/features/Toy_332.npy,True,2
Toy_333,Hobbies and Crafts,Toys,45,5,/videos/Toy_333.mp4,success,/features/Toy_333.npy,True,2
Toy_334,Hobbies and Crafts,Toys,46,6,/videos/Toy_334.mp4,success,/features/Toy_334.npy,True,2
Toy_335,Hobbies and Crafts,Toys,47,7,/videos/Toy_335.mp4,success,/features/Toy_335.npy,True,2
Toy_336,Hobbies and Crafts,Toys,48,8,/videos/Toy_336.mp4,success,/features/Toy_336.npy,True,2
Toy_337,Hobbies and Crafts,Toys,49,9,/videos/Toy_337.mp4,success,/features/Toy_337.npy,True,2
Toy_338,Hobbies and Crafts,Toys,50,10,/videos/Toy_338.mp4,success,/features/Toy_338.npy,True,2
Toy_339,Hobbies and Crafts,Toys,1,1,/videos/Toy_339.mp4,success,/features/Toy_339.npy,True,2
Toy_340,Hobbies and Crafts,Toys,2,2,/videos/Toy_340.mp4,success,/features/Toy_340.npy,True,2
Toy_341,Hobbies and Crafts,Toys,3,3,/videos/Toy_341.mp4,success,/features/Toy_341.npy,True,2
Toy_342,Hobbies and Crafts,Toys,4,4,/videos/Toy_342.mp4,success,/features/Toy_342.npy,True,2
Toy_343,Hobbies and Crafts,Toys,5,5,/videos/Toy_343.mp4,success,/features/Toy_343.npy,True,2
Toy_344,Hobbies and Crafts,Toys,6,6,/videos/Toy_344.mp4,success,/features/Toy_344.npy,True,2
Toy_345,Hobbies and Crafts,Toys,7,7,/videos/Toy_345.mp4,success,/features/Toy_345.npy,True,2
Toy_346,Hobbies and Crafts,Toys,8,8,/videos/Toy_346.mp4,success,/features/Toy_346.npy,True,2
Toy_347,Hobbies and Crafts,Toys,9,9,/videos/Toy_347.mp4,success,/features/Toy_347.npy,True,2
Toy_348,Hobbies and Crafts,Toys,10,10,/videos/Toy_348.mp4,success,/features/Toy_348.npy,True,2
Toy_349,Hobbies and Crafts,Toys,11,1,/videos/Toy_349.mp4,success,/features/Toy_349.npy,True,2
Toy_350,Hobbies and Crafts,Toys,12,2,/videos/Toy_350.mp4,success,/features/Toy_350.npy,True,2
Toy_351,Hobbies and Crafts,Toys,13,3,/videos/Toy_351.mp4,success,/features/Toy_351.npy,True,2
Toy_352,Hobbies and Crafts,Toys,14,4,/videos/Toy_352.mp4,success,/features/Toy_352.npy,True,2
Toy_353,Hobbies and Crafts,Toys,15,5,/videos/Toy_353.mp4,success,/features/Toy_353.npy,True,2
Toy_354,Hobbies and Crafts,Toys,16,6,/videos/Toy_354.mp4,success,/features/Toy_354.npy,True,2
Toy_355,Hobbies and Crafts,Toys,17,7,/videos/Toy_355.mp4,success,/features/Toy_355.npy,True,2
Toy_356,Hobbies and Crafts,Toys,18,8,/videos/Toy_356.mp4,success,/features/Toy_356.npy,True,2
Toy_357,Hobbies and Crafts,Toys,19,9,/videos/Toy_357.mp4,success,/features/Toy_357.npy,True,2
Toy_358,Hobbies and Crafts,Toys,20,10,/videos/Toy_358.mp4,success,/features/Toy_358.npy,True,2
Toy_359,Hobbies and Crafts,Toys,21,1,/videos/Toy_359.mp4,success,/features/Toy_359.npy,True,2
Toy_360,Hobbies and Crafts,Toys,22,2,/videos/Toy_360.mp4,success,/features/Toy_360.npy,True,2
Toy_361,Hobbies and Crafts,Toys,23,3,/videos/Toy_361.mp4,success,/features/Toy_361.npy,True,2
Toy_362,Hobbies and Crafts,Toys,24,4,/videos/Toy_362.mp4,success,/features/Toy_362.npy,True,2
Toy_363,Hobbies and Crafts,Toys,25,5,/videos/Toy_363.mp4,success,/features/Toy_363.npy,True,2
Toy_364,Hobbies and Crafts,Toys,26,6,/videos/Toy_364.mp4,success,/features/Toy_364.npy,True,2
Toy_365,Hobbies and Crafts,Toys,27,7,/videos/Toy_365.mp4,success,/features/Toy_365.npy,True,2
Toy_366,Hobbies and Crafts,Toys,28,8,/videos/Toy_366.mp4,success,/features/Toy_366.npy,True,2
Toy_367,Hobbies and Crafts,Toys,29,9,/videos/Toy_367.mp4,success,/features/Toy_367.npy,True,2
Toy_368,Hobbies and Crafts,Toys,30,10,/videos/Toy_368.mp4,success,/features/Toy_368.npy,True,2
Toy_369,Hobbies and Crafts,Toys,31,1,/videos/Toy_369.mp4,success,/features/Toy_369.npy,True,2
Toy_370,Hobbies and Crafts,Toys,32,2,/videos/Toy_370.mp4,success,/features/Toy_370.npy,True,2
Toy_371,Hobbies and Crafts,Toys,33,3,/videos/Toy_371.mp4,success,/features/Toy_371.npy,True,2
Toy_372,Hobbies and Crafts,Toys,34,4,/videos/Toy_372.mp4,success,/features/Toy_372.npy,True,2
Toy_373,Hobbies and Crafts,Toys,35,5,/videos/Toy_373.mp4,success,/features/Toy_373.npy,True,2
Toy_374,Hobbies and Crafts,Toys,36,6,/videos/Toy_374.mp4,success,/features/Toy_374.npy,True,2
Toy_375,Hobbies and Crafts,Toys,37,7,/videos/Toy_375.mp4,success,/features/Toy_375.npy,True,2
Toy_376,Hobbies and Crafts,Toys,38,8,/videos/Toy_376.mp4,success,/features/Toy_376.npy,True,2
Toy_377,Hobbies and Crafts,Toys,39,9,/videos/Toy_377.mp4,success,/features/Toy_377.npy,True,2
Toy_378,Hobbies and Crafts,Toys,40,10,/videos/Toy_378.mp4,success,/features/Toy_378.npy,True,2
Toy_379,Hobbies and Crafts,Toys,41,1,/videos/Toy_379.mp4,success,/features/Toy_379.npy,True,2
Toy_380,Hobbies and Crafts,Toys,42,2,/videos/Toy_380.mp4,success,/features/Toy_380.npy,True,2
Toy_381,Hobbies and Crafts,Toys,43,3,/videos/Toy_381.mp4,success,/features/Toy_381.npy,True,2
Toy_382,Hobbies and Crafts,Toys,44,4,/videos/Toy_382.mp4,success,/features/Toy_382.npy,True,2
Toy_383,Hobbies and Crafts,Toys,45,5,/videos/Toy_383.mp4,success,/features/Toy_383.npy,True,2
Toy_384,Hobbies and Crafts,Toys,46,6,/videos/Toy_384.mp4,success,/features/Toy_384.npy,True,2
Toy_385,Hobbies and Crafts,Toys,47,7,/videos/Toy_385.mp4,success,/features/Toy_385.npy,True,2
Toy_386,Hobbies and Crafts,Toys,48,8,/videos/Toy_386.mp4,success,/features/Toy_386.npy,True,2
Toy_387,Hobbies and Crafts,Toys,49,9,/videos/Toy_387.mp4,success,/features/Toy_387.npy,True,2
Toy_388,Hobbies and Crafts,Toys,50,10,/videos/Toy_388.mp4,success,/features/Toy_388.npy,True,2
Toy_389,Hobbies and Crafts,Toys,1,1,/videos/Toy_389.mp4,success,/features/Toy_389.npy,True,2
Toy_390,Hobbies and Crafts,Toys,2,2,/videos/Toy_390.mp4,success,/features/Toy_390.npy,True,2
Toy_391,Hobbies and Crafts,Toys,3,3,/videos/Toy_391.mp4,success,/features/Toy_391.npy,True,2
Toy_392,Hobbies and Crafts,Toys,4,4,/videos/Toy_392.mp4,success,/features/Toy_392.npy,True,2
Toy_393,Hobbies and Crafts,Toys,5,5,/videos/Toy_393.mp4,success,/features/Toy_393.npy,True,2
Toy_394,Hobbies and Crafts,Toys,6,6,/videos/Toy_394.mp4,success,/features/Toy_394.npy,True,2
Toy_395,Hobbies and Crafts,Toys,7,7,/videos/Toy_395.mp4,success,/features/Toy_395.npy,True,2
Toy_396,Hobbies and Crafts,Toys,8,8,/videos/Toy_396.mp4,success,/features/Toy_396.npy,True,2
Toy_397,Hobbies and Crafts,Toys,9,9,/videos/Toy_397.mp4,success,/features/Toy_397.npy,True,2
Toy_398,Hobbies and Crafts,Toys,10,10,/videos/Toy_398.mp4,success,/features/Toy_398.npy,True,2
Toy_399,Hobbies and Crafts,Toys,11,1,/videos/Toy_399.mp4,success,/features/Toy_399.npy,True,2
Toy_400,Hobbies and Crafts,Toys,12,2,/videos/Toy_400.mp4,success,/features/Toy_400.npy,True,2
Toy_401,Hobbies and Crafts,Toys,13,3,/videos/Toy_401.mp4,success,/features/Toy_401.npy,True,2
Toy_402,Hobbies and Crafts,Toys,14,4,/videos/Toy_402.mp4,success,/features/Toy_402.npy,True,2
Toy_403,Hobbies and Crafts,Toys,15,5,/videos/Toy_403.mp4,success,/features/Toy_403.npy,True,2
Toy_404,Hobbies and Crafts,Toys,16,6,/videos/Toy_404.mp4,success,/features/Toy_404.npy,True,2
Toy_405,Hobbies and Crafts,Toys,17,7,/videos/Toy_405.mp4,success,/features/Toy_405.npy,True,2
Toy_406,Hobbies and Crafts,Toys,18,8,/videos/Toy_406.mp4,success,/features/Toy_406.npy,True,2
Toy_407,Hobbies and Crafts,Toys,19,9,/videos/Toy_407.mp4,success,/features/Toy_407.npy,True,2
Toy_408,Hobbies and Crafts,Toys,20,10,/videos/Toy_408.mp4,success,/features/Toy_408.npy,True,2
Toy_409,Hobbies and Crafts,Toys,21,1,/videos/Toy_409.mp4,success,/features/Toy_409.npy,True,2
Toy_410,Hobbies and Crafts,Toys,22,2,/videos/Toy_410.mp4,success,/features/Toy_410.npy,True,2
Toy_411,Hobbies and Crafts,Toys,23,3,/videos/Toy_411.mp4,success,/features/Toy_411.npy,True,2
Toy_412,Hobbies and Crafts,Toys,24,4,/videos/Toy_412.mp4,success,/features/Toy_412.npy,True,2
Toy_413,Hobbies and Crafts,Toys,25,5,/videos/Toy_413.mp4,success,/features/Toy_413.npy,True,2
Toy_414,Hobbies and Crafts,Toys,26,6,/videos/Toy_414.mp4,success,/features/Toy_414.npy,True,2
Toy_415,Hobbies and Crafts,Toys,27,7,/videos/Toy_415.mp4,success,/features/Toy_415.npy,True,2
Toy_416,Hobbies and Crafts,Toys,28,8,/videos/Toy_416.mp4,success,/features/Toy_416.npy,True,2
Toy_417,Hobbies and Crafts,Toys,29,9,/videos/Toy_417.mp4,success,/features/Toy_417.npy,True,2
Toy_418,Hobbies and Crafts,Toys,30,10,/videos/Toy_418.mp4,success,/features/Toy_418.npy,True,2
Toy_419,Hobbies and Crafts,Toys,31,1,/videos/Toy_419.mp4,success,/features/Toy_419.npy,True,2
Toy_420,Hobbies and Crafts,Toys,32,2,/videos/Toy_420.mp4,success,/features/Toy_420.npy,True,2
Toy_421,Hobbies and Crafts,Toys,33,3,/videos/Toy_421.mp4,success,/features/Toy_421.npy,True,2
Toy_422,Hobbies and Crafts,Toys,34,4,/videos/Toy_422.mp4,success,/features/Toy_422.npy,True,2
Toy_423,Hobbies and Crafts,Toys,35,5,/videos/Toy_423.mp4,success,/features/Toy_423.npy,True,2
Toy_424,Hobbies and Crafts,Toys,36,6,/videos/Toy_424.mp4,success,/features/Toy_424.npy,True,2
Toy_425,Hobbies and Crafts,Toys,37,7,/videos/Toy_425.mp4,success,/features/Toy_425.npy,True,2
Toy_426,Hobbies and Crafts,Toys,38,8,/videos/Toy_426.mp4,success,/features/Toy_426.npy,True,2
Toy_427,Hobbies and Crafts,Toys,39,9,/videos/Toy_427.mp4,success,/features/Toy_427.npy,True,2
Toy_428,Hobbies and Crafts,Toys,40,10,/videos/Toy_428.mp4,success,/features/Toy_428.npy,True,2
Toy_429,Hobbies and Crafts,Toys,41,1,/videos/Toy_429.mp4,success,/features/Toy_429.npy,True,2
Toy_430,Hobbies and Crafts,Toys,42,2,/videos/Toy_430.mp4,success,/features/Toy_430.npy,True,2
Toy_431,Hobbies and Crafts,Toys,43,3,/videos/Toy_431.mp4,success,/features/Toy_431.npy,True,2
Toy_432,Hobbies and Crafts,Toys,44,4,/videos/Toy_432.mp4,success,/features/Toy_432.npy,True,2
Tri_433,Hobbies and Crafts,Tricks and Pranks,1,1,/videos/Tri_433.mp4,success,/features/Tri_433.npy,True,3
Tri_434,Hobbies and Crafts,Tricks and Pranks,2,2,/videos/Tri_434.mp4,success,/features/Tri_434.npy,True,3
Tri_435,Hobbies and Crafts,Tricks and Pranks,3,3,/videos/Tri_435.mp4,success,/features/Tri_435.npy,True,3
Tri_436,Hobbies and Crafts,Tricks and Pranks,4,4,/videos/Tri_436.mp4,success,/features/Tri_436.npy,True,3
Tri_437,Hobbies and Crafts,Tricks and Pranks,5,5,/videos/Tri_437.mp4,success,/features/Tri_437.npy,True,3
Tri_438,Hobbies and Crafts,Tricks and Pranks,6,6,/videos/Tri_438.mp4,success,/features/Tri_438.npy,True,3
Tri_439,Hobbies and Crafts,Tricks and Pranks,7,7,/videos/Tri_439.mp4,success,/features/Tri_439.npy,True,3
Tri_440,Hobbies and Crafts,Tricks and Pranks,8,8,/videos/Tri_440.mp4,success,/features/Tri_440.npy,True,3
Tri_441,Hobbies and Crafts,Tricks and Pranks,9,9,/videos/Tri_441.mp4,success,/features/Tri_441.npy,True,3
Tri_442,Hobbies and Crafts,Tricks and Pranks,10,10,/videos/Tri_442.mp4,success,/features/Tri_442.npy,True,3
Tri_443,Hobbies and Crafts,Tricks and Pranks,11,1,/videos/Tri_443.mp4,success,/features/Tri_443.npy,True,3
Tri_444,Hobbies and Crafts,Tricks and Pranks,12,2,/videos/Tri_444.mp4,success,/features/Tri_444.npy,True,3
Tri_445,Hobbies and Crafts,Tricks and Pranks,13,3,/videos/Tri_445.mp4,success,/features/Tri_445.npy,True,3
Tri_446,Hobbies and Crafts,Tricks and Pranks,14,4,/videos/Tri_446.mp4,success,/features/Tri_446.npy,True,3
Tri_447,Hobbies and Crafts,Tricks and Pranks,15,5,/videos/Tri_447.mp4,success,/features/Tri_447.npy,True,3
Tri_448,Hobbies and Crafts,Tricks and Pranks,16,6,/videos/Tri_448.mp4,success,/features/Tri_448.npy,True,3
Tri_449,Hobbies and Crafts,Tricks and Pranks,17,7,/videos/Tri_449.mp4,success,/features/Tri_449.npy,True,3
Tri_450,Hobbies and Crafts,Tricks and Pranks,18,8,/videos/Tri_450.mp4,success,/features/Tri_450.npy,True,3
Tri_451,Hobbies and Crafts,Tricks and Pranks,19,9,/videos/Tri_451.mp4,success,/features/Tri_451.npy,True,3
Tri_452,Hobbies and Crafts,Tricks and Pranks,20,10,/videos/Tri_452.mp4,success,/features/Tri_452.npy,True,3
Tri_453,Hobbies and Crafts,Tricks and Pranks,21,1,/videos/Tri_453.mp4,success,/features/Tri_453.npy,True,3
Tri_454,Hobbies and Crafts,Tricks and Pranks,22,2,/videos/Tri_454.mp4,success,/features/Tri_454.npy,True,3
Tri_455,Hobbies and Crafts,Tricks and Pranks,23,3,/videos/Tri_455.mp4,success,/features/Tri_455.npy,True,3
Tri_456,Hobbies and Crafts,Tricks and Pranks,24,4,/videos/Tri_456.mp4,success,/features/Tri_456.npy,True,3
Tri_457,Hobbies and Crafts,Tricks and Pranks,25,5,/videos/Tri_457.mp4,success,/features/Tri_457.npy,True,3
Tri_458,Hobbies and Crafts,Tricks and Pranks,26,6,/videos/Tri_458.mp4,success,/features/Tri_458.npy,True,3
Tri_459,Hobbies and Crafts,Tricks and Pranks,27,7,/videos/Tri_459.mp4,success,/features/Tri_459.npy,True,3
Tri_460,Hobbies and Crafts,Tricks and Pranks,28,8,/videos/Tri_460.mp4,success,/features/Tri_460.npy,True,3
Tri_461,Hobbies and Crafts,Tricks and Pranks,29,9,/videos/Tri_461.mp4,success,/features/Tri_461.npy,True,3
Tri_462,Hobbies and Crafts,Tricks and Pranks,30,10,/videos/Tri_462.mp4,success,/features/Tri_462.npy,True,3
Tri_463,Hobbies and Crafts,Tricks and Pranks,31,1,/videos/Tri_463.mp4,success,/features/Tri_463.npy,True,3
Tri_464,Hobbies and Crafts,Tricks and Pranks,32,2,/videos/Tri_464.mp4,success,/features/Tri_464.npy,True,3
Tri_465,Hobbies and Crafts,Tricks and Pranks,33,3,/videos/Tri_465.mp4,success,/features/Tri_465.npy,True,3
Tri_466,Hobbies and Crafts,Tricks and Pranks,34,4,/videos/Tri_466.mp4,success,/features/Tri_466.npy,True,3
Tri_467,Hobbies and Crafts,Tricks and Pranks,35,5,/videos/Tri_467.mp4,success,/features/Tri_467.npy,True,3
Tri_468,Hobbies and Crafts,Tricks and Pranks,36,6,/videos/Tri_468.mp4,success,/features/Tri_468.npy,True,3
Tri_469,Hobbies and Crafts,Tricks and Pranks,37,7,/videos/Tri_469.mp4,success,/features/Tri_469.npy,True,3
Tri_470,Hobbies and Crafts,Tricks and Pranks,38,8,/videos/Tri_470.mp4,success,/features/Tri_470.npy,True,3
Tri_471,Hobbies and Crafts,Tricks and Pranks,39,9,/videos/Tri_471.mp4,success,/features/Tri_471.npy,True,3
Tri_472,Hobbies and Crafts,Tricks and Pranks,40,10,/videos/Tri_472.mp4,success,/features/Tri_472.npy,True,3
Tri_473,Hobbies and Crafts,Tricks and Pranks,41,1,/videos/Tri_473.mp4,success,/features/Tri_473.npy,True,3
Tri_474,Hobbies and Crafts,Tricks and Pranks,42,2,/videos/Tri_474.mp4,success,/features/Tri_474.npy,True,3
Tri_475,Hobbies and Crafts,Tricks and Pranks,43,3,/videos/Tri_475.mp4,success,/features/Tri_475.npy,True,3
Tri_476,Hobbies and Crafts,Tricks and Pranks,44,4,/videos/Tri_476.mp4,success,/features/Tri_476.npy,True,3
Tri_477,Hobbies and Crafts,Tricks and Pranks,45,5,/videos/Tri_477.mp4,success,/features/Tri_477.npy,True,3
Tri_478,Hobbies and Crafts,Tricks and Pranks,46,6,/videos/Tri_478.mp4,success,/features/Tri_478.npy,True,3
Tri_479,Hobbies and Crafts,Tricks and Pranks,47,7,/videos/Tri_479.mp4,success,/features/Tri_479.npy,True,3
Tri_480,Hobbies and Crafts,Tricks and Pranks,48,8,/videos/Tri_480.mp4,success,/features/Tri_480.npy,True,3
Tri_481,Hobbies and Crafts,Tricks and Pranks,49,9,/videos/Tri_481.mp4,success,/features/Tri_481.npy,True,3
Tri_482,Hobbies and Crafts,Tricks and Pranks,50,10,/videos/Tri_482.mp4,success,/features/Tri_482.npy,True,3
Tri_483,Hobbies and Crafts,Tricks and Pranks,1,1,/videos/Tri_483.mp4,success,/features/Tri_483.npy,True,3
Tri_484,Hobbies and Crafts,Tricks and Pranks,2,2,/videos/Tri_484.mp4,success,/features/Tri_484.npy,True,3
Tri_485,Hobbies and Crafts,Tricks and Pranks,3,3,/videos/Tri_485.mp4,success,/features/Tri_485.npy,True,3
Tri_486,Hobbies and Crafts,Tricks and Pranks,4,4,/videos/Tri_486.mp4,success,/features/Tri_486.npy,True,3
Tri_487,Hobbies and Crafts,Tricks and Pranks,5,5,/videos/Tri_487.mp4,success,/features/Tri_487.npy,True,3
Tri_488,Hobbies and Crafts,Tricks and Pranks,6,6,/videos/Tri_488.mp4,success,/features/Tri_488.npy,True,3
Tri_489,Hobbies and Crafts,Tricks and Pranks,7,7,/videos/Tri_489.mp4,success,/features/Tri_489.npy,True,3
Tri_490,Hobbies and Crafts,Tricks and Pranks,8,8,/videos/Tri_490.mp4,success,/features/Tri_490.npy,True,3
Tri_491,Hobbies and Crafts,Tricks and Pranks,9,9,/videos/Tri_491.mp4,success,/features/Tri_491.npy,True,3
Tri_492,Hobbies and Crafts,Tricks and Pranks,10,10,/videos/Tri_492.mp4,success,/features/Tri_492.npy,True,3
Tri_493,Hobbies and Crafts,Tricks and Pranks,11,1,/videos/Tri_493.mp4,success,/features/Tri_493.npy,True,3
Tri_494,Hobbies and Crafts,Tricks and Pranks,12,2,/videos/Tri_494.mp4,success,/features/Tri_494.npy,True,3
Tri_495,Hobbies and Crafts,Tricks and Pranks,13,3,/videos/Tri_495.mp4,success,/features/Tri_495.npy,True,3
Tri_496,Hobbies and Crafts,Tricks and Pranks,14,4,/videos/Tri_496.mp4,success,/features/Tri_496.npy,True,3
Tri_497,Hobbies and Crafts,Tricks and Pranks,15,5,/videos/Tri_497.mp4,success,/features/Tri_497.npy,True,3
Tri_498,Hobbies and Crafts,Tricks and Pranks,16,6,/videos/Tri_498.mp4,success,/features/Tri_498.npy,True,3
Tri_499,Hobbies and Crafts,Tricks and Pranks,17,7,/videos/Tri_499.mp4,success,/features/Tri_499.npy,True,3
Tri_500,Hobbies and Crafts,Tricks and Pranks,18,8,/videos/Tri_500.mp4,success,/features/Tri_500.npy,True,3
Tri_501,Hobbies and Crafts,Tricks and Pranks,19,9,/videos/Tri_501.mp4,success,/features/Tri_501.npy,True,3
Tri_502,Hobbies and Crafts,Tricks and Pranks,20,10,/videos/Tri_502.mp4,success,/features/Tri_502.npy,True,3
Tri_503,Hobbies and Crafts,Tricks and Pranks,21,1,/videos/Tri_503.mp4,success,/features/Tri_503.npy,True,3
Tri_504,Hobbies and Crafts,Tricks and Pranks,22,2,/videos/Tri_504.mp4,success,/features/Tri_504.npy,True,3
Tri_505,Hobbies and Crafts,Tricks and Pranks,23,3,/videos/Tri_505.mp4,success,/features/Tri_505.npy,True,3
Tri_506,Hobbies and Crafts,Tricks and Pranks,24,4,/videos/Tri_506.mp4,success,/features/Tri_506.npy,True,3
Tri_507,Hobbies and Crafts,Tricks and Pranks,25,5,/videos/Tri_507.mp4,success,/features/Tri_507.npy,True,3
Tri_508,Hobbies and Crafts,Tricks and Pranks,26,6,/videos/Tri_508.mp4,success,/features/Tri_508.npy,True,3
Tri_509,Hobbies and Crafts,Tricks and Pranks,27,7,/videos/Tri_509.mp4,success,/features/Tri_509.npy,True,3
Tri_510,Hobbies and Crafts,Tricks and Pranks,28,8,/videos/Tri_510.mp4,success,/features/Tri_510.npy,True,3
Tri_511,Hobbies and Crafts,Tricks and Pranks,29,9,/videos/Tri_511.mp4,success,/features/Tri_511.npy,True,3
Tri_512,Hobbies and Crafts,Tricks and Pranks,30,10,/videos/Tri_512.mp4,success,/features/Tri_512.npy,True,3
Tri_513,Hobbies and Crafts,Tricks and Pranks,31,1,/videos/Tri_513.mp4,success,/features/Tri_513.npy,True,3
Tri_514,Hobbies and Crafts,Tricks and Pranks,32,2,/videos/Tri_514.mp4,success,/features/Tri_514.npy,True,3
Tri_515,Hobbies and Crafts,Tricks and Pranks,33,3,/videos/Tri_515.mp4,success,/features/Tri_515.npy,True,3
Tri_516,Hobbies and Crafts,Tricks and Pranks,34,4,/videos/Tri_516.mp4,success,/features/Tri_516.npy,True,3
Tri_517,Hobbies and Crafts,Tricks and Pranks,35,5,/videos/Tri_517.mp4,success,/features/Tri_517.npy,True,3
Tri_518,Hobbies and Crafts,Tricks and Pranks,36,6,/videos/Tri_518.mp4,success,/features/Tri_518.npy,True,3
Tri_519,Hobbies and Crafts,Tricks and Pranks,37,7,/videos/Tri_519.mp4,success,/features/Tri_519.npy,True,3
Tri_520,Hobbies and Crafts,Tricks and Pranks,38,8,/videos/Tri_520.mp4,success,/features/Tri_520.npy,True,3
Tri_521,Hobbies and Crafts,Tricks and Pranks,39,9,/videos/Tri_521.mp4,success,/features/Tri_521.npy,True,3
Tri_522,Hobbies and Crafts,Tricks and Pranks,40,10,/videos/Tri_522.mp4,success,/features/Tri_522.npy,True,3
Tri_523,Hobbies and Crafts,Tricks and Pranks,41,1,/videos/Tri_523.mp4,success,/features/Tri_523.npy,True,3
Tri_524,Hobbies and Crafts,Tricks and Pranks,42,2,/videos/Tri_524.mp4,success,/features/Tri_524.npy,True,3
Tri_525,Hobbies and Crafts,Tricks and Pranks,43,3,/videos/Tri_525.mp4,success,/features/Tri_525.npy,True,3
Tri_526,Hobbies and Crafts,Tricks and Pranks,44,4,/videos/Tri_526.mp4,success,/features/Tri_526.npy,True,3
Tri_527,Hobbies and Crafts,Tricks and Pranks,45,5,/videos/Tri_527.mp4,success,/features/Tri_527.npy,True,3
Tri_528,Hobbies and Crafts,Tricks and Pranks,46,6,/videos/Tri_528.mp4,success,/features/Tri_528.npy,True,3
Tri_529,Hobbies and Crafts,Tricks and Pranks,47,7,/videos/Tri_529.mp4,success,/features/Tri_529.npy,True,3
Tri_530,Hobbies and Crafts,Tricks and Pranks,48,8,/videos/Tri_530.mp4,success,/features/Tri_530.npy,True,3
Tri_531,Hobbies and Crafts,Tricks and Pranks,49,9,/videos/Tri_531.mp4,success,/features/Tri_531.npy,True,3
Tri_532,Hobbies and Crafts,Tricks and Pranks,50,10,/videos/Tri_532.mp4,success,/features/Tri_532.npy,True,3
Tri_533,Hobbies and Crafts,Tricks and Pranks,1,1,/videos/Tri_533.mp4,success,/features/Tri_533.npy,True,3
Tri_534,Hobbies and Crafts,Tricks and Pranks,2,2,/videos/Tri_534.mp4,success,/features/Tri_534.npy,True,3
Tri_535,Hobbies and Crafts,Tricks and Pranks,3,3,/videos/Tri_535.mp4,success,/features/Tri_535.npy,True,3
Tri_536,Hobbies and Crafts,Tricks and Pranks,4,4,/videos/Tri_536.mp4,success,/features/Tri_536.npy,True,3
Tri_537,Hobbies and Crafts,Tricks and Pranks,5,5,/videos/Tri_537.mp4,success,/features/Tri_537.npy,True,3
Tri_538,Hobbies and Crafts,Tricks and Pranks,6,6,/videos/Tri_538.mp4,success,/features/Tri_538.npy,True,3
Tri_539,Hobbies and Crafts,Tricks and Pranks,7,7,/videos/Tri_539.mp4,success,/features/Tri_539.npy,True,3
Tri_540,Hobbies and Crafts,Tricks and Pranks,8,8,/videos/Tri_540.mp4,success,/features/Tri_540.npy,True,3
Tri_541,Hobbies and Crafts,Tricks and Pranks,9,9,/videos/Tri_541.mp4,success,/features/Tri_541.npy,True,3
Tri_542,Hobbies and Crafts,Tricks and Pranks,10,10,/videos/Tri_542.mp4,success,/features/Tri_542.npy,True,3
Tri_543,Hobbies and Crafts,Tricks and Pranks,11,1,/videos/Tri_543.mp4,success,/features/Tri_543.npy,True,3
Tri_544,Hobbies and Crafts,Tricks and Pranks,12,2,/videos/Tri_544.mp4,success,/features/Tri_544.npy,True,3
Tri_545,Hobbies and Crafts,Tricks and Pranks,13,3,/videos/Tri_545.mp4,success,/features/Tri_545.npy,True,3
Tri_546,Hobbies and Crafts,Tricks and Pranks,14,4,/videos/Tri_546.mp4,success,/features/Tri_546.npy,True,3
Tri_547,Hobbies and Crafts,Tricks and Pranks,15,5,/videos/Tri_547.mp4,success,/features/Tri_547.npy,True,3
Tri_548,Hobbies and Crafts,Tricks and Pranks,16,6,/videos/Tri_548.mp4,success,/features/Tri_548.npy,True,3
Tri_549,Hobbies and Crafts,Tricks and Pranks,17,7,/videos/Tri_549.mp4,success,/features/Tri_549.npy,True,3
Tri_550,Hobbies and Crafts,Tricks and Pranks,18,8,/videos/Tri_550.mp4,success,/features/Tri_550.npy,True,3
Tri_551,Hobbies and Crafts,Tricks and Pranks,19,9,/videos/Tri_551.mp4,success,/features/Tri_551.npy,True,3
Tri_552,Hobbies and Crafts,Tricks and Pranks,20,10,/videos/Tri_552.mp4,success,/features/Tri_552.npy,True,3
Tri_553,Hobbies and Crafts,Tricks and Pranks,21,1,/videos/Tri_553.mp4,success,/features/Tri_553.npy,True,3
Tri_554,Hobbies and Crafts,Tricks and Pranks,22,2,/videos/Tri_554.mp4,success,/features/Tri_554.npy,True,3
Tri_555,Hobbies and Crafts,Tricks and Pranks,23,3,/videos/Tri_555.mp4,success,/features/Tri_555.npy,True,3
Tri_556,Hobbies and Crafts,Tricks and Pranks,24,4,/videos/Tri_556.mp4,success,/features/Tri_556.npy,True,3
Tri_557,Hobbies and Crafts,Tricks and Pranks,25,5,/videos/Tri_557.mp4,success,/features/Tri_557.npy,True,3
Tri_558,Hobbies and Crafts,Tricks and Pranks,26,6,/videos/Tri_558.mp4,success,/features/Tri_558.npy,True,3
Tri_559,Hobbies and Crafts,Tricks and Pranks,27,7,/videos/Tri_559.mp4,success,/features/Tri_559.npy,True,3
Tri_560,Hobbies and Crafts,Tricks and Pranks,28,8,/videos/Tri_560.mp4,success,/features/Tri_560.npy,True,3
Tri_561,Hobbies and Crafts,Tricks and Pranks,29,9,/videos/Tri_561.mp4,success,/features/Tri_561.npy,True,3
Tri_562,Hobbies and Crafts,Tricks and Pranks,30,10,/videos/Tri_562.mp4,success,/features/Tri_562.npy,True,3
Tri_563,Hobbies and Crafts,Tricks and Pranks,31,1,/videos/Tri_563.mp4,success,/features/Tri_563.npy,True,3
Tri_564,Hobbies and Crafts,Tricks and Pranks,32,2,/videos/Tri_564.mp4,success,/features/Tri_564.npy,True,3
Tri_565,Hobbies and Crafts,Tricks and Pranks,33,3,/videos/Tri_565.mp4,success,/features/Tri_565.npy,True,3
Tri_566,Hobbies and Crafts,Tricks and Pranks,34,4,/videos/Tri_566.mp4,success,/features/Tri_566.npy,True,3
Tri_567,Hobbies and Crafts,Tricks and Pranks,35,5,/videos/Tri_567.mp4,success,/features/Tri_567.npy,True,3
Tri_568,Hobbies and Crafts,Tricks and Pranks,36,6,/videos/Tri_568.mp4,success,/features/Tri_568.npy,True,3
Tri_569,Hobbies and Crafts,Tricks and Pranks,37,7,/videos/Tri_569.mp4,success,/features/Tri_569.npy,True,3
Tri_570,Hobbies and Crafts,Tricks and Pranks,38,8,/videos/Tri_570.mp4,success,/features/Tri_570.npy,True,3
Tri_571,Hobbies and Crafts,Tricks and Pranks,39,9,/videos/Tri_571.mp4,success,/features/Tri_571.npy,True,3
Tri_572,Hobbies and Crafts,Tricks and Pranks,40,10,/videos/Tri_572.mp4,success,/features/Tri_572.npy,True,3
Tri_573,Hobbies and Crafts,Tricks and Pranks,41,1,/videos/Tri_573.mp4,success,/features/Tri_573.npy,True,3
Tri_574,Hobbies and Crafts,Tricks and Pranks,42,2,/videos/Tri_574.mp4,success,/features/Tri_574.npy,True,3
Tri_575,Hobbies and Crafts,Tricks and Pranks,43,3,/videos/Tri_575.mp4,success,/features/Tri_575.npy,True,3
Tri_576,Hobbies and Crafts,Tricks and Pranks,44,4,/videos/Tri_576.mp4,success,/features/Tri_576.npy,True,3
Woo_577,Hobbies and Crafts,Woodworking,1,1,/videos/Woo_577.mp4,success,/features/Woo_577.npy,True,4
Woo_578,Hobbies and Crafts,Woodworking,2,2,/videos/Woo_578.mp4,success,/features/Woo_578.npy,True,4
Woo_579,Hobbies and Crafts,Woodworking,3,3,/videos/Woo_579.mp4,success,/features/Woo_579.npy,True,4
Woo_580,Hobbies and Crafts,Woodworking,4,4,/videos/Woo_580.mp4,success,/features/Woo_580.npy,True,4
Woo_581,Hobbies and Crafts,Woodworking,5,5,/videos/Woo_581.mp4,success,/features/Woo_581.npy,True,4
Woo_582,Hobbies and Crafts,Woodworking,6,6,/videos/Woo_582.mp4,success,/features/Woo_582.npy,True,4
Woo_583,Hobbies and Crafts,Woodworking,7,7,/videos/Woo_583.mp4,success,/features/Woo_583.npy,True,4
Woo_584,Hobbies and Crafts,Woodworking,8,8,/videos/Woo_584.mp4,success,/features/Woo_584.npy,True,4
Woo_585,Hobbies and Crafts,Woodworking,9,9,/videos/Woo_585.mp4,success,/features/Woo_585.npy,True,4
Woo_586,Hobbies and Crafts,Woodworking,10,10,/videos/Woo_586.mp4,success,/features/Woo_586.npy,True,4
Woo_587,Hobbies and Crafts,Woodworking,11,1,/videos/Woo_587.mp4,success,/features/Woo_587.npy,True,4
Woo_588,Hobbies and Crafts,Woodworking,12,2,/videos/Woo_588.mp4,success,/features/Woo_588.npy,True,4
Woo_589,Hobbies and Crafts,Woodworking,13,3,/videos/Woo_589.mp4,success,/features/Woo_589.npy,True,4
Woo_590,Hobbies and Crafts,Woodworking,14,4,/videos/Woo_590.mp4,success,/features/Woo_590.npy,True,4
Woo_591,Hobbies and Crafts,Woodworking,15,5,/videos/Woo_591.mp4,success,/features/Woo_591.npy,True,4
Woo_592,Hobbies and Crafts,Woodworking,16,6,/videos/Woo_592.mp4,success,/features/Woo_592.npy,True,4
Woo_593,Hobbies and Crafts,Woodworking,17,7,/videos/Woo_593.mp4,success,/features/Woo_593.npy,True,4
Woo_594,Hobbies and Crafts,Woodworking,18,8,/videos/Woo_594.mp4,success,/features/Woo_594.npy,True,4
Woo_595,Hobbies and Crafts,Woodworking,19,9,/videos/Woo_595.mp4,success,/features/Woo_595.npy,True,4
Woo_596,Hobbies and Crafts,Woodworking,20,10,/videos/Woo_596.mp4,success,/features/Woo_596.npy,True,4
Woo_597,Hobbies and Crafts,Woodworking,21,1,/videos/Woo_597.mp4,success,/features/Woo_597.npy,True,4
Woo_598,Hobbies and Crafts,Woodworking,22,2,/videos/Woo_598.mp4,success,/features/Woo_598.npy,True,4
Woo_599,Hobbies and Crafts,Woodworking,23,3,/videos/Woo_599.mp4,success,/features/Woo_599.npy,True,4
Woo_600,Hobbies and Crafts,Woodworking,24,4,/videos/Woo_600.mp4,success,/features/Woo_600.npy,True,4
Woo_601,Hobbies and Crafts,Woodworking,25,5,/videos/Woo_601.mp4,success,/features/Woo_601.npy,True,4
Woo_602,Hobbies and Crafts,Woodworking,26,6,/videos/Woo_602.mp4,success,/features/Woo_602.npy,True,4
Woo_603,Hobbies and Crafts,Woodworking,27,7,/videos/Woo_603.mp4,success,/features/Woo_603.npy,True,4
Woo_604,Hobbies and Crafts,Woodworking,28,8,/videos/Woo_604.mp4,success,/features/Woo_604.npy,True,4
Woo_605,Hobbies and Crafts,Woodworking,29,9,/videos/Woo_605.mp4,success,/features/Woo_605.npy,True,4
Woo_606,Hobbies and Crafts,Woodworking,30,10,/videos/Woo_606.mp4,success,/features/Woo_606.npy,True,4
Woo_607,Hobbies and Crafts,Woodworking,31,1,/videos/Woo_607.mp4,success,/features/Woo_607.npy,True,4
Woo_608,Hobbies and Crafts,Woodworking,32,2,/videos/Woo_608.mp4,success,/features/Woo_608.npy,True,4
Woo_609,Hobbies and Crafts,Woodworking,33,3,/videos/Woo_609.mp4,success,/features/Woo_609.npy,True,4
Woo_610,Hobbies and Crafts,Woodworking,34,4,/videos/Woo_610.mp4,success,/features/Woo_610.npy,True,4
Woo_611,Hobbies and Crafts,Woodworking,35,5,/videos/Woo_611.mp4,success,/features/Woo_611.npy,True,4
Woo_612,Hobbies and Crafts,Woodworking,36,6,/videos/Woo_612.mp4,success,/features/Woo_612.npy,True,4
Woo_613,Hobbies and Crafts,Woodworking,37,7,/videos/Woo_613.mp4,success,/features/Woo_613.npy,True,4
Woo_614,Hobbies and Crafts,Woodworking,38,8,/videos/Woo_614.mp4,success,/features/Woo_614.npy,True,4
Woo_615,Hobbies and Crafts,Woodworking,39,9,/videos/Woo_615.mp4,success,/features/Woo_615.npy,True,4
Woo_616,Hobbies and Crafts,Woodworking,40,10,/videos/Woo_616.mp4,success,/features/Woo_616.npy,True,4
Woo_617,Hobbies and Crafts,Woodworking,41,1,/videos/Woo_617.mp4,success,/features/Woo_617.npy,True,4
Woo_618,Hobbies and Crafts,Woodworking,42,2,/videos/Woo_618.mp4,success,/features/Woo_618.npy,True,4
Woo_619,Hobbies and Crafts,Woodworking,43,3,/videos/Woo_619.mp4,success,/features/Woo_619.npy,True,4
Woo_620,Hobbies and Crafts,Woodworking,44,4,/videos/Woo_620.mp4,success,/features/Woo_620.npy,True,4
Woo_621,Hobbies and Crafts,Woodworking,45,5,/videos/Woo_621.mp4,success,/features/Woo_621.npy,True,4
Woo_622,Hobbies and Crafts,Woodworking,46,6,/videos/Woo_622.mp4,success,/features/Woo_622.npy,True,4
Woo_623,Hobbies and Crafts,Woodworking,47,7,/videos/Woo_623.mp4,success,/features/Woo_623.npy,True,4
Woo_624,Hobbies and Crafts,Woodworking,48,8,/videos/Woo_624.mp4,success,/features/Woo_624.npy,True,4
Woo_625,Hobbies and Crafts,Woodworking,49,9,/videos/Woo_625.mp4,success,/features/Woo_625.npy,True,4
Woo_626,Hobbies and Crafts,Woodworking,50,10,/videos/Woo_626.mp4,success,/features/Woo_626.npy,True,4
Woo_627,Hobbies and Crafts,Woodworking,1,1,/videos/Woo_627.mp4,success,/features/Woo_627.npy,True,4
Woo_628,Hobbies and Crafts,Woodworking,2,2,/videos/Woo_628.mp4,success,/features/Woo_628.npy,True,4
Woo_629,Hobbies and Crafts,Woodworking,3,3,/videos/Woo_629.mp4,success,/features/Woo_629.npy,True,4
Woo_630,Hobbies and Crafts,Woodworking,4,4,/videos/Woo_630.mp4,success,/features/Woo_630.npy,True,4
Woo_631,Hobbies and Crafts,Woodworking,5,5,/videos/Woo_631.mp4,success,/features/Woo_631.npy,True,4
Woo_632,Hobbies and Crafts,Woodworking,6,6,/videos/Woo_632.mp4,success,/features/Woo_632.npy,True,4
Woo_633,Hobbies and Crafts,Woodworking,7,7,/videos/Woo_633.mp4,success,/features/Woo_633.npy,True,4
Woo_634,Hobbies and Crafts,Woodworking,8,8,/videos/Woo_634.mp4,success,/features/Woo_634.npy,True,4
Woo_635,Hobbies and Crafts,Woodworking,9,9,/videos/Woo_635.mp4,success,/features/Woo_635.npy,True,4
Woo_636,Hobbies and Crafts,Woodworking,10,10,/videos/Woo_636.mp4,success,/features/Woo_636.npy,True,4
Woo_637,Hobbies and Crafts,Woodworking,11,1,/videos/Woo_637.mp4,success,/features/Woo_637.npy,True,4
Woo_638,Hobbies and Crafts,Woodworking,12,2,/videos/Woo_638.mp4,success,/features/Woo_638.npy,True,4
Woo_639,Hobbies and Crafts,Woodworking,13,3,/videos/Woo_639.mp4,success,/features/Woo_639.npy,True,4
Woo_640,Hobbies and Crafts,Woodworking,14,4,/videos/Woo_640.mp4,success,/features/Woo_640.npy,True,4
Woo_641,Hobbies and Crafts,Woodworking,15,5,/videos/Woo_641.mp4,success,/features/Woo_641.npy,True,4
Woo_642,Hobbies and Crafts,Woodworking,16,6,/videos/Woo_642.mp4,success,/features/Woo_642.npy,True,4
Woo_643,Hobbies and Crafts,Woodworking,17,7,/videos/Woo_643.mp4,success,/features/Woo_643.npy,True,4
Woo_644,Hobbies and Crafts,Woodworking,18,8,/videos/Woo_644.mp4,success,/features/Woo_644.npy,True,4
Woo_645,Hobbies and Crafts,Woodworking,19,9,/videos/Woo_645.mp4,success,/features/Woo_645.npy,True,4
Woo_646,Hobbies and Crafts,Woodworking,20,10,/videos/Woo_646.mp4,success,/features/Woo_646.npy,True,4
Woo_647,Hobbies and Crafts,Woodworking,21,1,/videos/Woo_647.mp4,success,/features/Woo_647.npy,True,4
Woo_648,Hobbies and Crafts,Woodworking,22,2,/videos/Woo_648.mp4,success,/features/Woo_648.npy,True,4
Woo_649,Hobbies and Crafts,Woodworking,23,3,/videos/Woo_649.mp4,success,/features/Woo_649.npy,True,4
Woo_650,Hobbies and Crafts,Woodworking,24,4,/videos/Woo_650.mp4,success,/features/Woo_650.npy,True,4
Woo_651,Hobbies and Crafts,Woodworking,25,5,/videos/Woo_651.mp4,success,/features/Woo_651.npy,True,4
Woo_652,Hobbies and Crafts,Woodworking,26,6,/videos/Woo_652.mp4,success,/features/Woo_652.npy,True,4
Woo_653,Hobbies and Crafts,Woodworking,27,7,/videos/Woo_653.mp4,success,/features/Woo_653.npy,True,4
Woo_654,Hobbies and Crafts,Woodworking,28,8,/videos/Woo_654.mp4,success,/features/Woo_654.npy,True,4
Woo_655,Hobbies and Crafts,Woodworking,29,9,/videos/Woo_655.mp4,success,/features/Woo_655.npy,True,4
Woo_656,Hobbies and Crafts,Woodworking,30,10,/videos/Woo_656.mp4,success,/features/Woo_656.npy,True,4
Woo_657,Hobbies and Crafts,Woodworking,31,1,/videos/Woo_657.mp4,success,/features/Woo_657.npy,True,4
Woo_658,Hobbies and Crafts,Woodworking,32,2,/videos/Woo_658.mp4,success,/features/Woo_658.npy,True,4
Woo_659,Hobbies and Crafts,Woodworking,33,3,/videos/Woo_659.mp4,success,/features/Woo_659.npy,True,4
Woo_660,Hobbies and Crafts,Woodworking,34,4,/videos/Woo_660.mp4,success,/features/Woo_660.npy,True,4
Woo_661,Hobbies and Crafts,Woodworking,35,5,/videos/Woo_661.mp4,success,/features/Woo_661.npy,True,4
Woo_662,Hobbies and Crafts,Woodworking,36,6,/videos/Woo_662.mp4,success,/features/Woo_662.npy,True,4
Woo_663,Hobbies and Crafts,Woodworking,37,7,/videos/Woo_663.mp4,success,/features/Woo_663.npy,True,4
Woo_664,Hobbies and Crafts,Woodworking,38,8,/videos/Woo_664.mp4,success,/features/Woo_664.npy,True,4
Woo_665,Hobbies and Crafts,Woodworking,39,9,/videos/Woo_665.mp4,success,/features/Woo_665.npy,True,4
Woo_666,Hobbies and Crafts,Woodworking,40,10,/videos/Woo_666.mp4,success,/features/Woo_666.npy,True,4
Woo_667,Hobbies and Crafts,Woodworking,41,1,/videos/Woo_667.mp4,success,/features/Woo_667.npy,True,4
Woo_668,Hobbies and Crafts,Woodworking,42,2,/videos/Woo_668.mp4,success,/features/Woo_668.npy,True,4
Woo_669,Hobbies and Crafts,Woodworking,43,3,/videos/Woo_669.mp4,success,/features/Woo_669.npy,True,4
Woo_670,Hobbies and Crafts,Woodworking,44,4,/videos/Woo_670.mp4,success,/features/Woo_670.npy,True,4
Woo_671,Hobbies and Crafts,Woodworking,45,5,/videos/Woo_671.mp4,success,/features/Woo_671.npy,True,4
Woo_672,Hobbies and Crafts,Woodworking,46,6,/videos/Woo_672.mp4,success,/features/Woo_672.npy,True,4
Woo_673,Hobbies and Crafts,Woodworking,47,7,/videos/Woo_673.mp4,success,/features/Woo_673.npy,True,4
Woo_674,Hobbies and Crafts,Woodworking,48,8,/videos/Woo_674.mp4,success,/features/Woo_674.npy,True,4
Woo_675,Hobbies and Crafts,Woodworking,49,9,/videos/Woo_675.mp4,success,/features/Woo_675.npy,True,4
Woo_676,Hobbies and Crafts,Woodworking,50,10,/videos/Woo_676.mp4,success,/features/Woo_676.npy,True,4
Woo_677,Hobbies and Crafts,Woodworking,1,1,/videos/Woo_677.mp4,success,/features/Woo_677.npy,True,4
Woo_678,Hobbies and Crafts,Woodworking,2,2,/videos/Woo_678.mp4,success,/features/Woo_678.npy,True,4
Woo_679,Hobbies and Crafts,Woodworking,3,3,/videos/Woo_679.mp4,success,/features/Woo_679.npy,True,4
Woo_680,Hobbies and Crafts,Woodworking,4,4,/videos/Woo_680.mp4,success,/features/Woo_680.npy,True,4
Woo_681,Hobbies and Crafts,Woodworking,5,5,/videos/Woo_681.mp4,success,/features/Woo_681.npy,True,4
Woo_682,Hobbies and Crafts,Woodworking,6,6,/videos/Woo_682.mp4,success,/features/Woo_682.npy,True,4
Woo_683,Hobbies and Crafts,Woodworking,7,7,/videos/Woo_683.mp4,success,/features/Woo_683.npy,True,4
Woo_684,Hobbies and Crafts,Woodworking,8,8,/videos/Woo_684.mp4,success,/features/Woo_684.npy,True,4
Woo_685,Hobbies and Crafts,Woodworking,9,9,/videos/Woo_685.mp4,success,/features/Woo_685.npy,True,4
Woo_686,Hobbies and Crafts,Woodworking,10,10,/videos/Woo_686.mp4,success,/features/Woo_686.npy,True,4
Woo_687,Hobbies and Crafts,Woodworking,11,1,/videos/Woo_687.mp4,success,/features/Woo_687.npy,True,4
Woo_688,Hobbies and Crafts,Woodworking,12,2,/videos/Woo_688.mp4,success,/features/Woo_688.npy,True,4
Woo_689,Hobbies and Crafts,Woodworking,13,3,/videos/Woo_689.mp4,success,/features/Woo_689.npy,True,4
Woo_690,Hobbies and Crafts,Woodworking,14,4,/videos/Woo_690.mp4,success,/features/Woo_690.npy,True,4
Woo_691,Hobbies and Crafts,Woodworking,15,5,/videos/Woo_691.mp4,success,/features/Woo_691.npy,True,4
Woo_692,Hobbies and Crafts,Woodworking,16,6,/videos/Woo_692.mp4,success,/features/Woo_692.npy,True,4
Woo_693,Hobbies and Crafts,Woodworking,17,7,/videos/Woo_693.mp4,success,/features/Woo_693.npy,True,4
Woo_694,Hobbies and Crafts,Woodworking,18,8,/videos/Woo_694.mp4,success,/features/Woo_694.npy,True,4
Woo_695,Hobbies and Crafts,Woodworking,19,9,/videos/Woo_695.mp4,success,/features/Woo_695.npy,True,4
Woo_696,Hobbies and Crafts,Woodworking,20,10,/videos/Woo_696.mp4,success,/features/Woo_696.npy,True,4
Woo_697,Hobbies and Crafts,Woodworking,21,1,/videos/Woo_697.mp4,success,/features/Woo_697.npy,True,4
Woo_698,Hobbies and Crafts,Woodworking,22,2,/videos/Woo_698.mp4,success,/features/Woo_698.npy,True,4
Woo_699,Hobbies and Crafts,Woodworking,23,3,/videos/Woo_699.mp4,success,/features/Woo_699.npy,True,4
Woo_700,Hobbies and Crafts,Woodworking,24,4,/videos/Woo_700.mp4,success,/features/Woo_700.npy,True,4
Woo_701,Hobbies and Crafts,Woodworking,25,5,/videos/Woo_701.mp4,success,/features/Woo_701.npy,True,4
Woo_702,Hobbies and Crafts,Woodworking,26,6,/videos/Woo_702.mp4,success,/features/Woo_702.npy,True,4
Woo_703,Hobbies and Crafts,Woodworking,27,7,/videos/Woo_703.mp4,success,/features/Woo_703.npy,True,4
Woo_704,Hobbies and Crafts,Woodworking,28,8,/videos/Woo_704.mp4,success,/features/Woo_704.npy,True,4
Woo_705,Hobbies and Crafts,Woodworking,29,9,/videos/Woo_705.mp4,success,/features/Woo_705.npy,True,4
Woo_706,Hobbies and Crafts,Woodworking,30,10,/videos/Woo_706.mp4,success,/features/Woo_706.npy,True,4
Woo_707,Hobbies and Crafts,Woodworking,31,1,/videos/Woo_707.mp4,success,/features/Woo_707.npy,True,4
Woo_708,Hobbies and Crafts,Woodworking,32,2,/videos/Woo_708.mp4,success,/features/Woo_708.npy,True,4
Woo_709,Hobbies and Crafts,Woodworking,33,3,/videos/Woo_709.mp4,success,/features/Woo_709.npy,True,4
Woo_710,Hobbies and Crafts,Woodworking,34,4,/videos/Woo_710.mp4,success,/features/Woo_710.npy,True,4
Woo_711,Hobbies and Crafts,Woodworking,35,5,/videos/Woo_711.mp4,success,/features/Woo_711.npy,True,4
Woo_712,Hobbies and Crafts,Woodworking,36,6,/videos/Woo_712.mp4,success,/features/Woo_712.npy,True,4
Woo_713,Hobbies and Crafts,Woodworking,37,7,/videos/Woo_713.mp4,success,/features/Woo_713.npy,True,4
Woo_714,Hobbies and Crafts,Woodworking,38,8,/videos/Woo_714.mp4,success,/features/Woo_714.npy,True,4
Woo_715,Hobbies and Crafts,Woodworking,39,9,/videos/Woo_715.mp4,success,/features/Woo_715.npy,True,4
Woo_716,Hobbies and Crafts,Woodworking,40,10,/videos/Woo_716.mp4,success,/features/Woo_716.npy,True,4
Woo_717,Hobbies and Crafts,Woodworking,41,1,/videos/Woo_717.mp4,success,/features/Woo_717.npy,True,4
Woo_718,Hobbies and Crafts,Woodworking,42,2,/videos/Woo_718.mp4,success,/features/Woo_718.npy,True,4
Woo_719,Hobbies and Crafts,Woodworking,43,3,/videos/Woo_719.mp4,success,/features/Woo_719.npy,True,4
Woo_720,Hobbies and Crafts,Woodworking,44,4,/videos/Woo_720.mp4,success,/features/Woo_720.npy,True,4
